FileName,Class
0-a.wav,A_0
0-as.wav,AS_0
0-b.wav,B_0
1-a.wav,A_1
1-as.wav,AS_1
1-b.wav,B_1
1-c.wav,C_1
1-cs.wav,CS_1
1-d.wav,D_1
1-ds.wav,DS_1
1-e.wav,E_1
1-f.wav,F_1
1-fs.wav,FS_1
1-g.wav,G_1
1-gs.wav,GS_1
2-a.wav,A_2
2-as.wav,AS_2
2-b.wav,B_2
2-c.wav,C_2
2-cs.wav,CS_2
2-d.wav,D_2
2-ds.wav,DS_2
2-e.wav,E_2
2-f.wav,F_2
2-fs.wav,FS_2
2-g.wav,G_2
2-gs.wav,GS_2
3-a.wav,A_3
3-as.wav,AS_3
3-b.wav,B_3
3-c.wav,C_3
3-cs.wav,CS_3
3-d.wav,D_3
3-ds.wav,DS_3
3-e.wav,E_3
3-f.wav,F_3
3-fs.wav,FS_3
3-g.wav,G_3
3-gs.wav,GS_3
4-a.wav,A_4
4-as.wav,AS_4
4-b.wav,B_4
4-c.wav,C_4
4-cs.wav,CS_4
4-d.wav,D_4
4-ds.wav,DS_4
4-e.wav,E_4
4-f.wav,F_4
4-fs.wav,FS_4
4-g.wav,G_4
4-gs.wav,GS_4
5-a.wav,A_5
5-as.wav,AS_5
5-b.wav,B_5
5-c.wav,C_5
5-cs.wav,CS_5
5-d.wav,D_5
5-ds.wav,DS_5
5-e.wav,E_5
5-f.wav,F_5
5-fs.wav,FS_5
5-g.wav,G_5
5-gs.wav,GS_5
6-a.wav,A_6
6-as.wav,AS_6
6-b.wav,B_6
6-c.wav,C_6
6-cs.wav,CS_6
6-d.wav,D_6
6-ds.wav,DS_6
6-e.wav,E_6
6-f.wav,F_6
6-fs.wav,FS_6
6-g.wav,G_6
6-gs.wav,GS_6
7-a.wav,A_7
7-as.wav,AS_7
7-b.wav,B_7
7-c.wav,C_7
7-cs.wav,CS_7
7-d.wav,D_7
7-ds.wav,DS_7
7-e.wav,E_7
7-f.wav,F_7
7-fs.wav,FS_7
7-g.wav,G_7
7-gs.wav,GS_7
8-c.wav,C_8
2-c_vi.wav,C_2
2-cs_vi.wav,CS_2
2-d_vi.wav,D_2
2-ds_vi.wav,DS_2
2-e_vi.wav,E_2
2-fs_vi.wav,FS_2
2-g_vi.wav,G_2
2-gs_vi.wav,GS_2
2-a_vi.wav,A_2
2-as_vi.wav,AS_2
2-b_vi.wav,B_2
3-c_vi.wav,C_3
3-cs_vi.wav,CS_3
3-d_vi.wav,D_3
3-ds_vi.wav,DS_3
3-e_vi.wav,E_3
3-f_vi.wav,F_3
3-fs_vi.wav,FS_3
3-g_vi.wav,G_3
3-gs_vi.wav,GS_3
4-c_vi.wav,C_4
3-a_vi.wav,A_3
3-as_vi.wav,AS_3
3-b_vi.wav,B_3
4-cs_vi.wav,CS_4
4-d_vi.wav,D_4
4-ds_vi.wav,DS_4
4-e_vi.wav,E_4
4-f_vi.wav,F_4
4-fs_vi.wav,FS_4
4-g_vi.wav,G_4
4-gs_vi.wav,GS_4
4-a_vi.wav,A_4
4-as_vi.wav,AS_4
4-b_vi.wav,B_4
2-f_vi.wav,F_2
5-c_vi.wav,C_5
5-cs_vi.wav,CS_5
5-d_vi.wav,D_5
5-ds_vi.wav,DS_5
5-e_vi.wav,E_5
5-f_vi.wav,F_5
5-fs_vi.wav,FS_5
5-g_vi.wav,G_5
5-gs_vi.wav,GS_5
5-a_vi.wav,A_5
5-as_vi.wav,AS_5
5-b_vi.wav,B_5
6-c_vi.wav,C_6
6-cs_vi.wav,CS_6
6-d_vi.wav,D_6
6-ds_vi.wav,DS_6
6-e_vi.wav,E_6
6-f_vi.wav,F_6
6-fs_vi.wav,FS_6
6-g_vi.wav,G_6
6-gs_vi.wav,GS_6
6-a_vi.wav,A_6
6-as_vi.wav,AS_6
6-b_vi.wav,B_6
7-c_vi.wav,C_7
E2f.wav,E_2
Piano.mf.A1.wav,A_1
Piano.mf.A2.wav,A_2
Piano.mf.A3.wav,A_3
Piano.mf.A4.wav,A_4
Piano.mf.A5.wav,A_5
Piano.mf.A6.wav,A_6
Piano.mf.A7.wav,A_7
Piano.mf.B0.wav,B_0
Piano.mf.B1.wav,B_1
Piano.mf.B2.wav,B_2
Piano.mf.B3.wav,B_3
Piano.mf.B4.wav,B_4
Piano.mf.B5.wav,B_5
Piano.mf.B6.wav,B_6
Piano.mf.B7.wav,B_7
Piano.mf.Bb1.wav,AS_1
Piano.mf.Bb2.wav,AS_2
Piano.mf.Bb3.wav,AS_3
Piano.mf.Bb4.wav,AS_4
Piano.mf.Bb5.wav,AS_5
Piano.mf.Bb6.wav,AS_6
Piano.mf.Bb7.wav,AS_7
Piano.mf.C1.wav,C_1
Piano.mf.C2.wav,C_2
Piano.mf.C3.wav,C_3
Piano.mf.C4.wav,C_4
Piano.mf.C5.wav,C_5
Piano.mf.C7.wav,C_7
Piano.mf.C8.wav,C_8
Piano.mf.D1.wav,D_1
Piano.mf.D2.wav,D_2
Piano.mf.D3.wav,D_3
Piano.mf.D5.wav,D_5
Piano.mf.D6.wav,D_6
Piano.mf.D7.wav,D_7
Piano.mf.Db1.wav,CS_1
Piano.mf.Db2.wav,CS_2
Piano.mf.Db3.wav,CS_3
Piano.mf.Db4.wav,CS_4
Piano.mf.Db5.wav,CS_5
Piano.mf.Db6.wav,CS_6
Piano.mf.Db7.wav,CS_7
Piano.mf.E1.wav,E_1
Piano.mf.E2.wav,E_2
Piano.mf.E3.wav,E_3
Piano.mf.E4.wav,E_4
Piano.mf.E5.wav,E_5
Piano.mf.E6.wav,E_6
Piano.mf.E7.wav,E_7
Piano.mf.Eb1.wav,DS_1
Piano.mf.Eb2.wav,DS_2
Piano.mf.Eb3.wav,DS_3
Piano.mf.Eb4.wav,DS_4
Piano.mf.Eb5.wav,DS_5
Piano.mf.Eb6.wav,DS_6
Piano.mf.Eb7.wav,DS_7
Piano.mf.F1.wav,F_1
Piano.mf.F2.wav,F_2
Piano.mf.F3.wav,F_3
Piano.mf.F4.wav,F_4
Piano.mf.F5.wav,F_5
Piano.mf.F6.wav,F_6
Piano.mf.F7.wav,F_7
Piano.mf.G1.wav,G_1
Piano.mf.G2.wav,G_2
Piano.mf.G3.wav,G_3
Piano.mf.G4.wav,G_4
Piano.mf.G5.wav,G_5
Piano.mf.G6.wav,G_6
Piano.mf.G7.wav,G_7
Piano.mf.Gb1.wav,FS_1
Piano.mf.Gb2.wav,FS_2
Piano.mf.Gb3.wav,FS_3
Piano.mf.Gb4.wav,FS_4
Piano.mf.Gb5.wav,FS_5
Piano.mf.Gb6.wav,FS_6
Piano.pp.C6.wav,C_6
Piano.mf.Ab1.wav,GS_1
Piano.mf.Ab2.wav,GS_2
Piano.mf.Ab3.wav,GS_3
Piano.mf.Ab4.wav,GS_4
Piano.mf.Ab5.wav,GS_5
Piano.mf.Ab6.wav,GS_6
Piano.mf.Ab7.wav,GS_7
A2 (2_N.wav,A_2
A2 (3_N.wav,A_2
A2 (3_N.wav,A_2
A2 (4_N.wav,A_2
A3 (2_N.wav,A_3
A3 (3_N.wav,A_3
A3 (4_N.wav,A_3
A4 (2_N.wav,A_4
A4 (3_N.wav,A_4
A4 (4_N.wav,A_4
A5 (2_N.wav,A_5
A5 (3_N.wav,A_5
A5 (4_N.wav,A_5
A6 (2_N.wav,A_6
A6 (3_N.wav,A_6
A6 (4_N.wav,A_6
A6_N.wav,A_6
AS2 (2_N.wav,AS_2
AS2 (3_N.wav,AS_2
AS2 (4_N.wav,AS_2
AS3 (2_N.wav,AS_3
AS3 (3_N.wav,AS_3
AS3 (4_N.wav,AS_3
AS4 (2_N.wav,AS_4
AS4 (3_N.wav,AS_4
AS4 (4_N.wav,AS_4
AS5 (2_N.wav,AS_5
AS5 (3_N.wav,AS_5
AS5 (4_N.wav,AS_5
AS6 (2_N.wav,AS_6
AS6 (3_N.wav,AS_6
AS6 (4_N.wav,AS_6
B2 (2_N.wav,B_2
B2 (3_N.wav,B_2
B2 (4_N.wav,B_2
B3 (2_N.wav,B_3
B3 (3_N.wav,B_3
B3 (4_N.wav,B_3
B4 (2_N.wav,B_4
B4 (3_N.wav,B_4
B4 (4_N.wav,B_4
B5 (2_N.wav,B_5
B5 (3_N.wav,B_5
B5 (4_N.wav,B_5
B6 (2_N.wav,B_6
B6 (3_N.wav,B_6
B6 (4_N.wav,B_6
B6_N.wav,B_6
C2 (2_N.wav,C_2
C2 (3_N.wav,C_2
C2 (4_N.wav,C_2
C3 (2_N.wav,C_2
C3 (3_N.wav,C_3
C3 (4_N.wav,C_4
C4 (2_N.wav,C_4
C4 (3_N.wav,C_4
C4 (4_N.wav,C_4
C5 (2_N.wav,C_5
C5 (3_N.wav,C_5
C5 (4_N.wav,C_5
C6 (2_N.wav,C_6
C6 (3_N.wav,C_6
C6 (4_N.wav,C_6
C7 (2_N.wav,C_7
C7 (3_N.wav,C_7
C7 (4_N.wav,C_7
C7_N.wav,C_7
CS2 (2_N.wav,CS_2
CS2 (3_N.wav,CS_2
CS2 (4_N.wav,CS_2
CS3 (2_N.wav,CS_3
CS3 (3_N.wav,CS_3
CS3 (4_N.wav,CS_3
CS4 (2_N.wav,CS_4
CS4 (3_N.wav,CS_4
CS4 (4_N.wav,CS_4
CS5 (2_N.wav,CS_5
CS5 (3_N.wav,CS_5
CS5 (4_N.wav,CS_5
CS6 (2_N.wav,CS_6
CS6 (3_N.wav,CS_6
CS6 (4_N.wav,CS_6
CS6_N.wav,CS_6
AS6_N.wav,AS_6
D2 (2_N.wav,D_2
D2 (3_N.wav,D_2
D2 (4_N.wav,D_2
D3 (2_N.wav,D_3
D3 (3_N.wav,D_3
D3 (4_N.wav,D_3
D4 (2_N.wav,D_4
D4 (3_N.wav,D_4
D4 (4_N.wav,D_4
D5 (2_N.wav,D_5
D5 (3_N.wav,D_5
D5 (4_N.wav,D_5
D6 (2_N.wav,D_6
D6 (3_N.wav,D_6
D6 (4_N.wav,D_6
D6_N.wav,D_6
DS2 (2_N.wav,DS_2
DS2 (3_N.wav,DS_2
DS2 (4_N.wav,DS_2
DS3 (2_N.wav,DS_3
DS3 (3_N.wav,DS_3
DS3 (4_N.wav,DS_3
DS4 (2_N.wav,DS_4
DS4 (3_N.wav,DS_4
DS4 (4_N.wav,DS_4
DS5 (2_N.wav,DS_5
DS5 (3_N.wav,DS_5
DS5 (4_N.wav,DS_5
DS6 (2_N.wav,DS_6
DS6 (3_N.wav,DS_6
DS6 (4_N.wav,DS_6
DS6_N.wav,DS_6
E2 (2_N.wav,E_2
E2 (3_N.wav,E_2
E2 (4_N.wav,E_2
E3 (2_N.wav,E_3
E3 (3_N.wav,E_3
E3 (4_N.wav,E_3
E4 (2_N.wav,E_4
E4 (3_N.wav,E_4
E4 (4_N.wav,E_4
E5 (2_N.wav,E_5
E5 (3_N.wav,E_5
E5 (4_N.wav,E_5
E6 (2_N.wav,E_6
E6 (3_N.wav,E_6
E6 (4_N.wav,E_6
E6_N.wav,E_6
F2 (2_N.wav,F_2
F2 (3_N.wav,F_2
F2 (4_N.wav,F_2
F3 (2_N.wav,F_3
F3 (3_N.wav,F_3
F3 (4_N.wav,F_3
F4 (2_N.wav,F_4
F4 (3_N.wav,F_4
F4 (4_N.wav,F_4
F5 (2_N.wav,F_5
F5 (3_N.wav,F_5
F5 (4_N.wav,F_5
F6 (2_N.wav,F_6
F6 (3_N.wav,F_6
F6 (4_N.wav,F_6
F6_N.wav,F_6
FS2 (2_N.wav,FS_2
FS2 (3_N.wav,FS_2
FS2 (4_N.wav,FS_2
FS3 (2_N.wav,FS_3
FS3 (3_N.wav,FS_3
FS3 (4_N.wav,FS_3
FS4 (2_N.wav,FS_4
FS4 (3_N.wav,FS_4
FS4 (4_N.wav,FS_4
FS5 (2_N.wav,FS_5
FS5 (3_N.wav,FS_5
FS5 (4_N.wav,FS_5
FS6 (2_N.wav,FS_6
FS6 (3_N.wav,FS_6
FS6 (4_N.wav,FS_6
FS6_N.wav,FS_6
G2 (2_N.wav,G_2
G2 (3_N.wav,G_2
G2 (4_N.wav,G_2
G3 (2_N.wav,G_3
G3 (3_N.wav,G_3
G3 (4_N.wav,G_3
G4 (2_N.wav,G_4
G4 (3_N.wav,G_4
G4 (4_N.wav,G_4
G5 (2_N.wav,G_5
G5 (3_N.wav,G_5
G5 (4_N.wav,G_5
G6 (2_N.wav,G_6
G6 (3_N.wav,G_6
G6 (4_N.wav,G_6
G6_N.wav,G_6
GS2 (2_N.wav,GS_2
GS2 (3_N.wav,GS_2
GS2 (4_N.wav,GS_2
GS3 (2_N.wav,GS_3
GS3 (3_N.wav,GS_3
GS3 (4_N.wav,GS_3
GS4 (2_N.wav,GS_4
GS4 (3_N.wav,GS_4
GS4 (4_N.wav,GS_4
GS5 (2_N.wav,GS_5
GS5 (3_N.wav,GS_5
GS5 (4_N.wav,GS_5
GS6 (2_N.wav,GS_6
GS6 (3_N.wav,GS_6
GS6 (4_N.wav,GS_6
GS6_N.wav,GS_6
part_A0.wav,A_0
part_a1.wav,A_1
part_a2.wav,A_2
part_c1.wav,C_1
part_a4.wav,A_4
part_c2.wav,C_2
part_a6.wav,A_6
part_a7.wav,A_7
part_AS0.wav,AS_0
part_as1.wav,AS_1
part_as2.wav,AS_2
part_c3.wav,C_3
part_as4.wav,AS_4
part_c4.wav,C_4
part_as6.wav,AS_6
part_b0.wav,B_0
part_b1.wav,B_1
part_b2.wav,B_2
part_b3.wav,B_3
part_b4.wav,B_4
part_b5.wav,B_5
part_b6.wav,B_6
part_b7.wav,B_7
part_c5.wav,C_5
part_c7.wav,C_7
part_c8.wav,C_8
part_cs1.wav,CS_1
part_cs2.wav,CS_2
part_cs3.wav,CS_3
part_cs4.wav,CS_4
part_cs5.wav,CS_5
part_cs6.wav,CS_6
part_cs7.wav,CS_7
part_d1.wav,D_1
part_d2.wav,D_2
part_d3.wav,D_3
part_d4.wav,D_4
part_d5.wav,D_5
part_d6.wav,D_6
part_d7.wav,D_7
part_ds2.wav,DS_2
part_ds3.wav,DS_3
part_ds4.wav,DS_4
part_ds5.wav,DS_5
part_ds6.wav,DS_6
part_ds7.wav,DS_7
part_e2.wav,E_2
part_e3.wav,E_3
part_e5.wav,E_5
part_e6.wav,E_6
part_e7.wav,E_7
part_f1.wav,F_1
part_f2.wav,F_2
part_f3.wav,F_3
part_f5.wav,F_5
part_f6.wav,F_6
part_f7.wav,F_7
part_fs1.wav,FS_1
part_fs2.wav,FS_2
part_fs3.wav,FS_3
part_fs6.wav,FS_6
part_fs7.wav,FS_7
part_g1.wav,G_1
part_g2.wav,G_2
part_g3.wav,G_3
part_g4.wav,G_4
part_g5.wav,G_5
part_g6.wav,G_6
part_g7.wav,G_7
part_gs1.wav,GS_1
part_gs2.wav,GS_2
part_gs3.wav,GS_3
part_gs4.wav,GS_4
part_gs5.wav,GS_5
part_gs6.wav,GS_6
part_gs7.wav,GS_7
A2_nf.wav,A_2
As2_nf.wav,AS_2
B2_nf.wav,B_2
C3_nf.wav,C_3
Cs3_nf.wav,CS_3
D3_nf.wav,D_3
Ds3_nf.wav,DS_3
E3_nf.wav,E_3
F2_nf.wav,F_2
F3_nf.wav,F_3
Fs3_nf.wav,FS_3
G2_nf.wav,G_2
G3_nf.wav,G_3
Gs2_nf.wav,GS_2
Gs3_nf.wav,GS_3
2a_n.wav,A_2
2as_n.wav,AS_2
2b_n.wav,B_2
2c_n.wav,C_2
2cs_n.wav,CS_2
2d_n.wav,D_2
2ds_n.wav,DS_2
2e_n.wav,E_2
2fs_n.wav,FS_2
2g_n.wav,G_2
2gs_n.wav,GS_2
3a_n.wav,A_3
3as_n.wav,AS_3
3b_n.wav,B_3
3c_n.wav,C_3
3cs_n.wav,CS_3
3d_n.wav,D_3
3ds_n.wav,DS_3
3e_n.wav,E_3
3f_n.wav,F_3
3fs_n.wav,FS_3
3g_n.wav,G_3
3gs_n.wav,GS_3
4a_n.wav,A_4
4c_n.wav,C_4
4cs_n.wav,CS_4
4d_n.wav,D_4
4ds_n.wav,DS_4
4e_n.wav,E_4
4f_n.wav,F_4
4fs_n.wav,FS_4
4g_n.wav,G_4
4gs_n.wav,GS_4
5a_n.wav,A_5
5as_n.wav,AS_5
5b_n.wav,B_5
5c_n.wav,C_5
5cs_n.wav,CS_5
5d_n.wav,D_5
5e_n.wav,E_5
5f_n.wav,F_5
5fs_n.wav,FS_5
5g_n.wav,G_5
5gs_n.wav,GS_5
6a_n.wav,A_6
6as_n.wav,AS_6
6b_n.wav,B_6
6c_n.wav,C_6
6cs_n.wav,CS_6
6d_n.wav,D_6
6ds_n.wav,DS_6
6e_n.wav,E_6
6f_n.wav,F_6
6gs_n.wav,GS_6
7c_n.wav,C_7
2a_k.wav,A_2
2as_k.wav,AS_2
2b_k.wav,B_2
2c_k.wav,C_2
2cs_k.wav,CS_2
2d_k.wav,D_2
2ds_k.wav,DS_2
2e_k.wav,E_2
2f_k.wav,F_2
2fs_k.wav,FS_2
2g_k.wav,G_2
2gs_k.wav,GS_2
3a_k.wav,A_3
3as_k.wav,AS_3
3b_k.wav,B_3
3c_k.wav,C_3
3cs_k.wav,CS_3
3d_k.wav,D_3
3ds_k.wav,DS_3
3e_k.wav,E_3
3f_k.wav,F_3
3fs_k.wav,FS_3
3g_k.wav,G_3
3gs_k.wav,GS_3
4a_k.wav,A_4
4b_k.wav,B_4
4c_k.wav,C_4
4cs_k.wav,CS_4
4d_k.wav,D_4
4ds_k.wav,DS_4
4e_k.wav,E_4
4f_k.wav,F_4
4fs_k.wav,FS_4
4g_k.wav,G_4
4gs_k.wav,GS_4
5a_k.wav,A_5
5as_k.wav,AS_5
5b_k.wav,B_5
5c_k.wav,C_5
5cs_k.wav,CS_5
5d_k.wav,D_5
5ds_k.wav,DS_5
5e_k.wav,E_5
5f_k.wav,F_5
5fs_k.wav,FS_5
5g_k.wav,G_5
5gs_k.wav,GS_5
6c_k.wav,C_6
6cs_k.wav,CS_6
6d_k.wav,D_6
6ds_k.wav,DS_6
6e_k.wav,E_6
6fs_k.wav,FS_6
6g_k.wav,G_6
6gs_k.wav,GS_6
2a_a.wav,A_2
2as_a.wav,AS_2
2b_a.wav,B_2
2c_a.wav,C_2
2cs_a.wav,CS_2
2d_a.wav,D_2
2ds_a.wav,DS_2
2e_a.wav,E_2
2f_a.wav,F_2
2fs_a.wav,FS_2
2g_a.wav,G_2
2gs_a.wav,GS_2
3a_a.wav,A_3
3as_a.wav,AS_3
3b_a.wav,B_3
3c_a.wav,C_3
3cs_a.wav,CS_3
3d_a.wav,D_3
3ds_a.wav,DS_3
3e_a.wav,E_3
3f_a.wav,F_3
3fs_a.wav,FS_3
3g_a.wav,G_3
3gs_a.wav,GS_3
4a_a.wav,A_4
4as_a.wav,AS_4
4b_a.wav,B_4
4c_a.wav,C_4
4d_a.wav,D_4
4ds_a.wav,DS_4
4e_a.wav,E_4
4f_a.wav,F_4
4fs_a.wav,FS_4
4g_a.wav,G_4
4gs_a.wav,GS_4
5a_a.wav,A_5
5as_a.wav,AS_5
5b_a.wav,B_5
5cs_a.wav,CS_5
5d_a.wav,D_5
5ds_a.wav,DS_5
5e_a.wav,E_5
5f_a.wav,F_5
5fs_a.wav,FS_5
5gs_a.wav,GS_5
6b_a.wav,B_6
6c_a.wav,C_6
6cs_a.wav,CS_6
6d_a.wav,D_6
6ds_a.wav,DS_6
6e_a.wav,E_6
6f_a.wav,F_6
6fs_a.wav,FS_6
2a_b.wav,A_2
2as_b.wav,AS_2
2b_b.wav,B_2
2c_b.wav,C_2
2cs_b.wav,CS_2
2d_b.wav,D_2
2ds_b.wav,DS_2
2e_b.wav,E_2
2f_b.wav,F_2
2fs_b.wav,FS_2
2g_b.wav,G_2
2gs_b.wav,GS_2
3as_b.wav,AS_3
3b_b.wav,B_3
3c_b.wav,C_3
3cs_b.wav,CS_3
3d_b.wav,D_3
3ds_b.wav,DS_3
3e_b.wav,E_3
3f_b.wav,F_3
3fs_b.wav,FS_3
3g_b.wav,G_3
4a_b.wav,A_4
4as_b.wav,AS_4
4b_b.wav,B_4
4c_b.wav,C_4
4cs_b.wav,CS_4
4d_b.wav,D_4
4ds_b.wav,DS_4
4e_b.wav,E_4
4f_b.wav,F_4
4fs_b.wav,FS_4
4g_b.wav,G_4
5a_b.wav,A_5
5as_b.wav,AS_5
5b_b.wav,B_5
5c_b.wav,C_5
5cs_b.wav,CS_5
5d_b.wav,D_5
5ds_b.wav,DS_5
5e_b.wav,E_5
5f_b.wav,F_5
5fs_b.wav,FS_5
5g_b.wav,G_5
5gs_b.wav,GS_5
6a_b.wav,A_6
6as_b.wav,AS_6
6b_b.wav,B_6
6c_b.wav,C_6
6cs_b.wav,CS_6
6d_b.wav,D_6
6ds_b.wav,DS_6
6e_b.wav,E_6
6f_b.wav,F_6
6fs_b.wav,FS_6
6g_b.wav,G_6
6gs_b.wav,GS_6
7c_b.wav,C_7
2a_c.wav,A_2
2as_c.wav,AS_2
2b_c.wav,B_2
2c_c.wav,C_2
2cs_c.wav,CS_2
2d_c.wav,D_2
2ds_c.wav,DS_2
2f_c.wav,F_2
2fs_c.wav,FS_2
2g_c.wav,G_2
2gs_c.wav,GS_2
3as_c.wav,AS_3
3b_c.wav,B_3
3c_c.wav,C_3
3cs_c.wav,CS_3
3d_c.wav,D_3
3ds_c.wav,DS_3
3e_c.wav,E_3
3f_c.wav,F_3
3fs_c.wav,FS_3
3g_c.wav,G_3
4a_c.wav,A_4
4as_c.wav,AS_4
4b_c.wav,B_4
4c_c.wav,C_4
4cs_c.wav,CS_4
4d_c.wav,D_4
4ds_c.wav,DS_4
4e_c.wav,E_4
4f_c.wav,F_4
4fs_c.wav,FS_4
4g_c.wav,G_4
4gs_c.wav,GS_4
5a_c.wav,A_5
5as_c.wav,AS_5
5b_c.wav,B_5
5c_c.wav,C_5
5cs_c.wav,CS_5
5d_c.wav,D_5
5ds_c.wav,DS_5
5e_c.wav,E_5
5fs_c.wav,FS_5
5g_c.wav,G_5
5gs_c.wav,GS_5
6a_c.wav,A_6
6as_c.wav,AS_6
6b_c.wav,B_6
6c_c.wav,C_6
6cs_c.wav,CS_6
6d_c.wav,D_6
6ds_c.wav,DS_6
6e_c.wav,E_6
6f_c.wav,F_6
6fs_c.wav,FS_6
6g_c.wav,G_6
6gs_c.wav,GS_6
7c_c.wav,C_7
2a_d.wav,A_2
2as_d.wav,AS_2
2b_d.wav,B_2
2c_d.wav,C_2
2cs_d.wav,CS_2
2d_d.wav,D_2
2ds_d.wav,DS_2
2e_d.wav,E_2
2f_d.wav,F_2
2fs_d.wav,FS_2
2g_d.wav,G_2
2gs_d.wav,GS_2
3a_d.wav,A_3
3as_d.wav,AS_3
3b_d.wav,B_3
3c_d.wav,C_3
3cs_d.wav,CS_3
3d_d.wav,D_3
3ds_d.wav,DS_3
3e_d.wav,E_3
3f_d.wav,F_3
3fs_d.wav,FS_3
3g_d.wav,G_3
3gs_d.wav,GS_3
4a_d.wav,A_4
4as_d.wav,AS_4
4b_d.wav,B_4
4c_d.wav,C_4
4cs_d.wav,CS_4
4d_d.wav,D_4
4ds_d.wav,DS_4
4e_d.wav,E_4
4f_d.wav,F_4
4fs_d.wav,FS_4
4g_d.wav,G_4
4gs_d.wav,GS_4
5a_d.wav,A_5
5as_d.wav,AS_5
5b_d.wav,B_5
5cs_d.wav,CS_5
5d_d.wav,D_5
5ds_d.wav,DS_5
5e_d.wav,E_5
5f_d.wav,F_5
5fs_d.wav,FS_5
5g_d.wav,G_5
5gs_d.wav,GS_5
6c_d.wav,C_6
6cs_d.wav,CS_6
6d_d.wav,D_6
6ds_d.wav,DS_6
6e_d.wav,E_6
6f_d.wav,F_6
6fs_d.wav,FS_6
7c_d.wav,C_7
2a_g.wav,A_2
2as_g.wav,AS_2
2b_g.wav,B_2
2c_g.wav,C_2
2cs_g.wav,CS_2
2d_g.wav,D_2
2ds_g.wav,DS_2
2e_g.wav,E_2
2f_g.wav,F_2
2fs_g.wav,FS_2
2g_g.wav,G_2
2gs_g.wav,GS_2
3a_g.wav,A_3
3as_g.wav,AS_3
3b_g.wav,B_3
3c_g.wav,C_3
3cs_g.wav,CS_3
3d_g.wav,D_3
3ds_g.wav,DS_3
3e_g.wav,E_3
3f_g.wav,F_3
3fs_g.wav,FS_3
3g_g.wav,G_3
3gs_g.wav,GS_3
4a_g.wav,A_4
4as_g.wav,AS_4
4c_g.wav,C_4
4cs_g.wav,CS_4
4d_g.wav,D_4
4ds_g.wav,DS_4
4e_g.wav,E_4
4f_g.wav,F_4
4fs_g.wav,FS_4
4g_g.wav,G_4
4gs_g.wav,GS_4
5a_g.wav,A_5
5as_g.wav,AS_5
5b_g.wav,B_5
5d_g.wav,D_5
5ds_g.wav,DS_5
5e_g.wav,E_5
5f_g.wav,F_5
5fs_g.wav,FS_5
5g_g.wav,G_5
5gs_g.wav,GS_5
6c_g.wav,C_6
6cs_g.wav,CS_6
6d_g.wav,D_6
6ds_g.wav,DS_6
6e_g.wav,E_6
6f_g.wav,F_6
2a_h.wav,A_2
2as_h.wav,AS_2
2b_h.wav,B_2
2c_h.wav,C_2
2cs_h.wav,CS_2
2d_h.wav,D_2
2ds_h.wav,DS_2
2e_h.wav,E_2
2f_h.wav,F_2
2g_h.wav,G_2
2gs_h.wav,GS_2
3a_h.wav,A_3
3as_h.wav,AS_3
3b_h.wav,B_3
3c_h.wav,C_3
3cs_h.wav,CS_3
3d_h.wav,D_3
3ds_h.wav,DS_3
3e_h.wav,E_3
3f_h.wav,F_3
3fs_h.wav,FS_3
3g_h.wav,G_3
3gs_h.wav,GS_3
4a_h.wav,A_4
4as_h.wav,AS_4
4c_h.wav,C_4
4cs_h.wav,CS_4
4d_h.wav,D_4
4ds_h.wav,DS_4
4e_h.wav,E_4
4f_h.wav,F_4
4fs_h.wav,FS_4
4g_h.wav,G_4
4gs_h.wav,GS_4
5a_h.wav,A_5
5as_h.wav,AS_5
5b_h.wav,B_5
5cs_h.wav,CS_5
5d_h.wav,D_5
5ds_h.wav,DS_5
5e_h.wav,E_5
5f_h.wav,F_5
5fs_h.wav,FS_5
5gs_h.wav,GS_5
6c_h.wav,C_6
6cs_h.wav,CS_6
6d_h.wav,D_6
6ds_h.wav,DS_6
6e_h.wav,E_6
6f_h.wav,F_6
6fs_h.wav,FS_6
6g_h.wav,G_6
7c_h.wav,C_7
6a piano_h.wav,A_6
6b piano_h.wav,B_6
6c piano_h.wav,C_6
6d piano_h.wav,D_6
6e piano_h.wav,E_6
6f piano_h.wav,F_6
6g piano_h.wav,G_6
2C.wav,C_2
2Cs.wav,CS_2
2D.wav,D_2
2Ds.wav,DS_2
2E.wav,E_2
2F.wav,F_2
2Fs.wav,FS_2
2G.wav,G_2
2Gs.wav,GS_2
2A.wav,A_2
2As.wav,AS_2
2B.wav,B_2
3C.wav,C_3
3Cs.wav,CS_3
3D.wav,D_3
3Ds.wav,DS_3
3E.wav,E_3
3F.wav,F_3
3G.wav,G_3
3Gs.wav,GS_3
3A.wav,A_3
3As.wav,AS_3
3B.wav,B_3
4C.wav,C_4
4Cs.wav,CS_4
4D.wav,D_4
4Ds.wav,DS_4
4E.wav,E_4
4F.wav,F_4
4Fs.wav,FS_4
4G.wav,G_4
4A.wav,A_4
4As.wav,AS_4
4B.wav,B_4
5C.wav,C_5
5Cs.wav,CS_5
5D.wav,D_5
5Ds.wav,DS_5
5E.wav,E_5
5F.wav,F_5
5Fs.wav,FS_5
5G.wav,G_5
5Gs.wav,GS_5
5A.wav,A_5
5As.wav,AS_5
5B.wav,B_5
0A.wav,A_0
0As.wav,AS_0
0B.wav,B_0
1A.wav,A_1
1As.wav,AS_1
1B.wav,B_1
1C.wav,C_1
1Cs.wav,CS_1
1D.wav,D_1
1Ds.wav,DS_1
1E.wav,E_1
1F.wav,F_1
1Fs.wav,FS_1
1G.wav,G_1
1Gs.wav,GS_1
6C.wav,C_6
6Cs.wav,CS_6
6D.wav,D_6
6Ds.wav,DS_6
6E.wav,E_6
6F.wav,F_6
6Fs.wav,FS_6
6G.wav,G_6
6Gs.wav,GS_6
6A.wav,A_6
6As.wav,AS_6
6B.wav,B_6
7C.wav,C_7
7Cs.wav,CS_7
7D.wav,D_7
7Ds.wav,DS_7
7E.wav,E_7
7F.wav,F_7
7Fs.wav,FS_7
7G.wav,G_7
7Gs.wav,GS_7
7A.wav,A_7
7As.wav,AS_7
7B.wav,B_7
8C.wav,C_8
